{"cameraMode":{"drawMode":0,"name":"Shaded","section":"Shading Mode"},"sceneLighting":true,"audioPlay":false,"sceneViewState":{"m_AlwaysRefresh":false,"showFog":true,"showSkybox":true,"showFlares":true,"showImageEffects":true,"showParticleSystems":true,"showVisualEffectGraphs":true,"m_FxEnabled":true},"in2DMode":false,"pivot":{"x":-22.371841430664064,"y":15.58665657043457,"z":14.065469741821289},"rotation":{"x":0.09870526939630509,"y":0.8959993720054627,"z":-0.25060176849365237,"w":0.3529788553714752},"size":12.12435531616211,"orthographic":false}